{"LevelOnePosition":{"x":0.0,"y":0.0,"z":0.0},"LevelTwoPosition":{"x":-4.769808769226074,"y":0.01000124216079712,"z":-3.154975175857544},"LevelOneScore":0,"LevelTwoScore":0}