{"LevelOnePosition":{"x":0.5646698474884033,"y":0.01000124216079712,"z":1.9436144828796387},"LevelTwoPosition":{"x":0.0,"y":0.0,"z":0.0},"LevelOneScore":1,"LevelTwoScore":0}